-- phpMyAdmin SQL Dump
-- version 3.3.9
-- http://www.phpmyadmin.net
--
-- 主机: localhost
-- 生成日期: 2011 年 04 月 30 日 10:04
-- 服务器版本: 5.5.8
-- PHP 版本: 5.3.5

SET SQL_MODE="NO_AUTO_VALUE_ON_ZERO";


/*!40101 SET @OLD_CHARACTER_SET_CLIENT=@@CHARACTER_SET_CLIENT */;
/*!40101 SET @OLD_CHARACTER_SET_RESULTS=@@CHARACTER_SET_RESULTS */;
/*!40101 SET @OLD_COLLATION_CONNECTION=@@COLLATION_CONNECTION */;
/*!40101 SET NAMES utf8 */;

--
-- 数据库: `wxl`
--

-- --------------------------------------------------------

--
-- 表的结构 `dongxi`
--

CREATE TABLE IF NOT EXISTS `dongxi` (
  `物品号` int(2) NOT NULL DEFAULT '0',
  `暴率` int(2) NOT NULL,
  `物品名` varchar(24) CHARACTER SET utf8 COLLATE utf8_unicode_ci DEFAULT NULL,
  PRIMARY KEY (`物品号`)
) ENGINE=MyISAM DEFAULT CHARSET=utf32 COLLATE=utf32_unicode_ci;

--
-- 转存表中的数据 `dongxi`
--

INSERT INTO `dongxi` (`物品号`, `暴率`, `物品名`) VALUES
(1, 70, '打狗棒'),
(2, 20, '六脉神剑剑谱'),
(3, 20, '凌波微步步法'),
(4, 80, '生死符'),
(5, 30, '斗转星移秘籍'),
(6, 10, '起死回生功法'),
(7, 90, '双铁杖'),
(8, 60, '一阳指秘诀'),
(9, 90, '鳄鱼剪'),
(10, 75, '神木王鼎'),
(11, 95, '三笑逍遥散'),
(12, 50, '易筋经'),
(13, 15, '天山冰蝉'),
(14, 76, '火焰刀'),
(15, 0, '圣火令'),
(16, 15, '九阳神功秘籍'),
(17, 17, '乾坤大挪移心法'),
(18, 24, '倚天剑'),
(19, 25, '武当武功秘籍'),
(20, 22, '屠龙刀'),
(21, 47, '七伤拳谱'),
(22, 68, '玄冥掌法'),
(23, 18, '九阴真经秘籍'),
(24, 87, '悲酥清风'),
(25, 58, '黑玉断续膏'),
(26, 8, '舍利子'),
(27, 69, '空明拳法'),
(28, 98, '金针'),
(29, 48, '降龙十八掌法'),
(30, 43, '八卦阵法'),
(31, 67, '奇门遁甲奇术'),
(32, 97, '铁沙'),
(33, 93, '铁沙掌法'),
(34, 56, '重阳先天功法'),
(35, 74, '蛤蟆功法'),
(36, 90, '剧毒毒蛇'),
(37, 30, '全真七剑'),
(38, 37, '全真剑谱'),
(39, 20, '北冥神功功法'),
(40, 39, '天山折梅手秘诀');

-- --------------------------------------------------------

--
-- 表的结构 `hero`
--

CREATE TABLE IF NOT EXISTS `hero` (
  `英雄号` int(2) unsigned NOT NULL,
  `区域号` int(1) DEFAULT NULL,
  `英雄名` varchar(24) CHARACTER SET utf8 DEFAULT NULL,
  `技能` varchar(128) CHARACTER SET utf8 DEFAULT NULL
) ENGINE=MyISAM DEFAULT CHARSET=utf8 COLLATE=utf8_unicode_ci;

--
-- 转存表中的数据 `hero`
--

INSERT INTO `hero` (`英雄号`, `区域号`, `英雄名`, `技能`) VALUES
(1, 1, '萧峰', '降龙十八掌、擒龙功、打狗棒法'),
(2, 1, '段誉', '凌波微步、北冥神功、六脉神剑'),
(3, 1, '虚竹', '天山六阳掌、天山折梅手、小无相功'),
(4, 1, '慕容复', '斗转星移'),
(5, 1, '少林寺扫地生', '起死回生大法、斗转星移、少林七十二绝技'),
(6, 1, '段延庆', '腹语、一阳指'),
(7, 1, '南海鳄神', '鳄鱼剪'),
(8, 1, '丁春秋', '化功大法、血咒巫蛊'),
(9, 1, '庄聚贤', '易筋经、毒功'),
(10, 1, '鸠摩智', '无相截指、拈花指、火焰刀'),
(11, 2, '张无忌', '九阳神功、乾坤大挪移、圣火令'),
(12, 2, '灭绝师太', '飘雪穿云掌、截手九式、佛光普照、峨眉剑法'),
(13, 2, '张三丰', '太极拳、武当剑法、武当刀法、武当拳法、纯阳无极功、真武七截阵、倚天屠龙功 '),
(14, 2, '杨逍', '乾坤大挪移'),
(15, 2, '金毛狮王', '七伤拳、狮子吼、屠龙刀'),
(16, 2, '玄冥二老', '玄冥神掌'),
(17, 2, '周芷若', '九阴白骨爪'),
(18, 2, '赵敏', '智多星'),
(19, 2, '空见', '少林内功'),
(20, 3, '郭靖', '降龙十八掌、全真派内功、空明拳'),
(21, 3, '黄蓉', '打狗棒法、满天花雨掷金针、逍遥游'),
(22, 3, '洪七公', '打狗棒法、降龙十八掌'),
(23, 3, '桃花岛主', '五行八卦、奇门遁甲、弹指神功'),
(24, 3, '裘千仞', '铁沙掌'),
(25, 3, '梅超风', '九阴真经'),
(26, 3, '王重阳', '全真剑法、一阳指、重阳先天功'),
(27, 3, '段智心', '一阳指'),
(28, 3, '欧阳锋', '蛤蟆功'),
(29, 3, '全真七子', '全真剑法');

-- --------------------------------------------------------

--
-- 表的结构 `suoyin`
--

CREATE TABLE IF NOT EXISTS `suoyin` (
  `对应号` int(2) NOT NULL DEFAULT '0',
  `英雄号` int(2) DEFAULT NULL,
  `物品号` int(2) DEFAULT NULL,
  `个人暴率` int(2) NOT NULL,
  PRIMARY KEY (`对应号`)
) ENGINE=MyISAM DEFAULT CHARSET=utf8;

--
-- 转存表中的数据 `suoyin`
--

INSERT INTO `suoyin` (`对应号`, `英雄号`, `物品号`, `个人暴率`) VALUES
(1, 1, 1, 80),
(2, 1, 29, 40),
(3, 2, 2, 56),
(4, 2, 3, 77),
(5, 2, 39, 70),
(6, 3, 4, 76),
(7, 3, 39, 90),
(8, 3, 40, 89),
(9, 4, 5, 65),
(10, 5, 5, 78),
(11, 5, 6, 91),
(12, 5, 26, 43),
(13, 6, 7, 27),
(14, 6, 8, 95),
(15, 7, 9, 79),
(16, 8, 10, 48),
(17, 8, 11, 55),
(18, 9, 12, 43),
(19, 9, 13, 97),
(20, 10, 14, 99),
(21, 11, 15, 47),
(22, 11, 16, 59),
(23, 11, 17, 66),
(24, 12, 18, 77),
(25, 13, 19, 83),
(26, 14, 17, 78),
(27, 15, 20, 73),
(28, 15, 21, 85),
(29, 16, 22, 83),
(30, 17, 23, 80),
(31, 18, 24, 45),
(32, 18, 25, 23),
(33, 19, 26, 69),
(34, 20, 27, 93),
(35, 20, 29, 99),
(36, 21, 1, 92),
(37, 21, 28, 0),
(38, 22, 1, 92),
(39, 22, 29, 69),
(40, 23, 30, 43),
(41, 23, 31, 38),
(42, 24, 32, 56),
(43, 24, 33, 95),
(44, 25, 23, 34),
(45, 26, 34, 89),
(46, 26, 38, 53),
(47, 27, 8, 84),
(48, 28, 35, 95),
(49, 28, 36, 86),
(50, 29, 37, 54),
(51, 29, 38, 96);

-- --------------------------------------------------------

--
-- 表的结构 `zone`
--

CREATE TABLE IF NOT EXISTS `zone` (
  `区域号` int(1) NOT NULL,
  `区域名` varchar(32) CHARACTER SET gb2312 NOT NULL,
  `难度` int(2) unsigned NOT NULL,
  `简介` text CHARACTER SET gb2312 NOT NULL,
  PRIMARY KEY (`区域号`)
) ENGINE=MyISAM DEFAULT CHARSET=utf8 COLLATE=utf8_unicode_ci;

--
-- 转存表中的数据 `zone`
--

INSERT INTO `zone` (`区域号`, `区域名`, `难度`, `简介`) VALUES
(1, '天龙八部', 80, '金庸的武侠小说，武功高强的有萧峰、段誉、虚竹、少林寺扫地生'),
(2, '倚天屠龙记', 85, '该书中有武功高强者张无忌、张三丰、灭绝师太等'),
(3, '射雕英雄传', 87, '郭靖、桃花岛主、老顽童、王重阳等');
